区县,id,nat/city,文物保护单位名称,Name,市文保单位批次 Provincial-Lot,公布日期 Year Designated,Earlier designation time,街道镇乡 Neighbourhood,地点 Address,年代 Year,市文保单位类别 Provincial Subcategory,Other
黄浦区,HP_N01,国,中国共产党第一次全国代表大会会址,Site of 1st CCP Congress,全国重点文物保护单位名单 第一批,1961,,,兴业路76号（望志路106号）,,,"In B1-1-1468-4, address is recorded as 兴业路78号"
黄浦区,HP_N02,国,上海中山故居,Sun Yat-sen residence,全国重点文物保护单位名单 第一批,1961,,,香山路7号,,,
黄浦区,HP_N03,国,中国社会主义青年团中央机关旧址,Former Socialist Youth League of China HQ,全国重点文物保护单位名单 第一批,1961,,,淮海中路567弄6号,,,
虹口区,HK_C11,,鲁迅存书室旧址,Former site of the book storage room of Lu Xun,第一批[d],1977.12.7,"2002年4月27日被调整为纪念地点
2014年4月4日重新被调整为市级文物保护单位",四川北路街道,溧阳路1359号二楼,1933年,近现代重要史迹及代表性建筑,
静安区,JA_C08,,上海茂名路毛主席旧居,Mao's former residence on Maoming Rd,第一批,1977.12.7,,南京西路街道,茂名北路120弄（威海路583弄5、7、9号）,1924年,近现代重要史迹及代表性建筑,
虹口区,HK_C01,,鲁迅故居,Former Residence of Lu Xun,第一批,1977.12.7[a],曾于1959年5月26日被公布为上海市文物保护单位,四川北路街道,山阴路132弄9号,1933年4月～1936年,近现代重要史迹及代表性建筑,
闸北区,JA_C27,,上海总工会旧址,Former site of the Shanghai Federation of Workers,纪念地点[g],1977.12.7[a],"曾于1959年5月26日被公布为上海市文物保护单位
2014年4月4日被调整为市级文物保护单位",宝山路街道,中兴路828号,1927年,近现代重要史迹及代表性建筑,
闸北区,JA_C28,,“四·一二”惨案革命群众流血牺牲地点,Place where revolutionary masses died in the Aprial 12 Incident,纪念地点[g],1977.12.7[a],"曾于1959年5月26日被公布为上海市文物保护单位
2014年4月4日被调整为市级文物保护单位",宝山路街道,宝山路鸿兴路口220-300号一带,1927年,近现代重要史迹及代表性建筑,
静安区,JA_C01,,1920年毛泽东寓所旧址,Former Residence of Mao Zedong in 1920,第一批,1977.12.7[a],曾于1959年5月26日被公布为上海市文物保护单位,南京西路街道,安义路63号,1920年5月～7月,近现代重要史迹及代表性建筑,
静安区,JA_C02,,中国劳动组合书记部旧址,Former site of the Secretariat of the China Labour Union,第一批,1977.12.7[a],曾于1959年5月26日被公布为上海市文物保护单位,石门二路街道,成都北路899号（1993年因建成都路高架道路而拆除，移至成都北路893弄1～7号）,1921年8月～1922年7月,近现代重要史迹及代表性建筑,
静安区,JA_N02,国,中国共产党第二次全国代表大会旧址[n],Former site of the 2nd Congress of CCP,第一批,1977.12.7[a],"曾于1959年5月26日被公布为上海市文物保护单位
2013年3月5日被列入第七批全国重点文物保护单位名单",南京西路街道,成都北路7弄(辅德里)30号,1922年7月,近现代重要史迹及代表性建筑,
黄浦区,HP_C42,,中国共产党第一次全国代表大会代表宿舍旧址,Dormrooms of Representatives of 1st CCP Congress,第一批,1977.12.7[a],曾于1959年5月26日被公布为上海市文物保护单位,淮海中路街道,太仓路127号,1921年7月,近现代重要史迹及代表性建筑,
黄浦区,HP_C43,,韬奋故居,Former Residence Zou Taofen,第一批,1977.12.7[a],曾于1959年5月26日被公布为上海市文物保护单位,淮海中路街道,重庆南路205弄（万宜坊）54号,1930～1936年,近现代重要史迹及代表性建筑,
黄浦区,HP_C47,,第一次国共合作时期国民党上海执行部旧址,Former Executive HQ of 1st KMT-CCP cooperation,第一批,1977.12.7[a],曾于1959年5月26日被公布为上海市文物保护单位,瑞金二路街道,南昌路180号,1924年,近现代重要史迹及代表性建筑,
黄浦区,HP_C55,,中国共产党代表团驻沪办事处（周公馆）,Former Residence of Zhou Enlai / CCP Representative office in Shanghai,第一批,1977.12.7[a],曾于1959年5月26日被公布为上海市文物保护单位,瑞金二路街道,思南路73号,1946—1947年,近现代重要史迹及代表性建筑,
黄浦区,HP_C37,,上海人民反对帝国主义扩张“租界”的斗争—四明公所血案地点,Site of the Siming Gongsuo Incident,第一批[d],1977.12.7[a],"曾于1959年5月26日被公布为上海市文物保护单位
2002年4月27日被调整为纪念地点
2014年4月4日重新被调整为市级文物保护单位",豫园街道,人民路852号,1874年和1898年,近现代重要史迹及代表性建筑,
黄浦区,HP_C22,,“五卅”运动爱国群众流血牺牲地点,The Site of Violent Struggles of the Patriot People of the 5/30 movement,纪念地点[g],1977.12.7[a],"曾于1959年5月26日被公布为上海市文物保护单位
2014年4月4日被调整为市级文物保护单位",南京东路街道,南京东路766～772号泰康食品店和大光明钟表店门前,1925年5月30日,近现代重要史迹及代表性建筑,
黄浦区,HP_C29,,“五四”以来上海革命群众集会场所—南市公共体育场,A Convention Ground of the Revolutionary Residents of Shanghai Since the May 4 movement - Nanshi Stadium,纪念地点[g],1977.12.7[a],"曾于1959年5月26日被公布为上海市文物保护单位
2014年4月4日被调整为市级文物保护单位",老西门街道,大吉路208号(方斜路555号),1919-1937年,近现代重要史迹及代表性建筑,
静安区,JA_C20,,八路军驻沪办事处（兼新四军驻沪办事处）旧址,Shanghai Liason office of 8th Route Army,第一批,1977.12.7[b],曾于1962年9月7日被公布为上海市文物保护单位,南京西路街道,延安中路504弄21号,1937年,近现代重要史迹及代表性建筑,
静安区,JA_C17,,彭湃烈士在沪革命活动地点,Martyr Peng Pai's Shanghai Hideout for Revolutionary Activities,第一批[d],1977.12.7[b],"曾于1962年9月7日被公布为上海市文物保护单位
2002年4月27日被调整为纪念地点
2014年4月4日重新被调整为市级文物保护单位",石门二路街道,新闸路613弄12号,1929年,近现代重要史迹及代表性建筑,
黄浦区,HP_C09,,《中国青年》编辑部旧址,"Site of the editorial office of China Youth ",第一批,1977.12.7[b],曾于1962年9月7日被公布为上海市文物保护单位,南京东路街道,淡水路66弄4号,1924年,近现代重要史迹及代表性建筑,
普陀区,PT_C01,,上海总工会第四办事处旧址,No.4 Field Office of the General Union of Shanghai,纪念地点[g],1977.12.7[e],"曾于1960年11月22日被公布为上海市文物保护单位
2014年4月4日被调整为市级文物保护单位",宜川路街道,原潘家湾三德里19－22号,1925年,近现代重要史迹及代表性建筑,
闸北区,JA_C26,,上海工人纠察队总指挥部旧址,"Site of the Headquarter of Shanghai Worker's Picket ",纪念地点[g],1977.12.7[e],"曾于1960年11月22日被公布为上海市文物保护单位
2014年4月4日被调整为市级文物保护单位",宝山路街道,宝山路584号,1927年,近现代重要史迹及代表性建筑,
黄浦区,HP_C45,,上海工人第三次武装起义发布命令地点,Site where the 3rd armed rebellion of Shanghai workers was announced,第一批[d],1977.12.7[e],"曾于1960年11月22日被公布为上海市文物保护单位
2002年4月27日被调整为纪念地点
2014年4月4日重新被调整为市级文物保护单位",半淞园路街道,自忠路361号,1927年3月,近现代重要史迹及代表性建筑,
虹口区,HK_C03,,内山书店旧址,Former site of Uchiyama bookstore,纪念地点[g],1980.8.26,2014年4月4日被调整为市级文物保护单位,四川北路街道,四川北路2048号,1927年,近现代重要史迹及代表性建筑,
虹口区,HK_C02,,中国左翼作家联盟成立大会旧址—原中华艺术大学,Site of the Founding Ceremony of the League of Left-Wing Writers,第二批,1980.8.26,,四川北路街道,多伦路201弄2号,1930年3月2日,近现代重要史迹及代表性建筑,
黄浦区,HP_C10,,中共“六大”以后党中央政治局机关旧址,Site of the CCP Politburo after the 6th Congress,第二批,1980.8.26,,南京东路街道,云南中路171-173号二楼,1928～1931年,近现代重要史迹及代表性建筑,
黄浦区,HP_C48,,《新青年》编辑部旧址陈独秀旧居,Former Residence of Chen Duxiu,第二批,1980.8.26[a],曾于1959年5月26日被公布为上海市文物保护单位,瑞金二路街道,南昌路100弄2号,1920～1922年,近现代重要史迹及代表性建筑,
闸北区,JA_C29,,“五卅”运动初期的上海总工会遗址,Relics of Shanghai federation of trade unions at the begining of May Thirtieth Movement,纪念地点[g],1980.8.26[e],"曾于1960年11月22日被公布为上海市文物保护单位
2014年4月4日被调整为市级文物保护单位",宝山路街道,宝山路宝山里2号,1925年,近现代重要史迹及代表性建筑,
静安区,JA_C13,,上海大学旧址,Former site of Shanghai University,第二批,1980.8.26[e],曾于1960年11月22日被公布为上海市文物保护单位,南京西路街道,陕西北路299弄4～12号（1995年因土地批租拆除，待重建）,1924～1927年,近现代重要史迹及代表性建筑,
徐汇区,XH_N03,国,上海宋庆龄故居[l],Former Residence of Soong Ching-ling,第二批增补二,1981.10.22,2001年6月25日被列入第五批全国重点文物保护单位名单,天平路街道,淮海中路1843号,1948年～1981年,近现代重要史迹及代表性建筑,
徐汇区,XH_C02,,邹容墓,Grave of Zou Rong,第二批增补一,1981.8.25,,华泾镇,华泾路1000弄西,1905年,近现代重要史迹及代表性建筑,
静安区,JA_C05,,蔡元培故居,Former Residence of Cai Yuanpei,第三批增补一,1984.11.14,,静安寺街道,华山路303弄16号,1937年,近现代重要史迹及代表性建筑,
长宁区,CN_C01,,《布尔塞维克》编辑部旧址,Former site of the editorial of the Bolshevik magazine,第三批,1984.5.4,,江苏路街道,愚园路1376弄34号,1927～1932年,近现代重要史迹及代表性建筑,
徐汇区,XH_N02,国,龙华革命烈士纪念地[k],Death site of the matyrs of Longhua,第三批[m],1984.5.4[a],"曾于1959年5月26日被公布为上海市文物保护单位
1977年12月7日被公布为纪念地点
1988年1月13日被列入第三批全国重点文物保护单位名单",龙华街道,龙华路烈士陵园内,1927年～1937年,近现代重要史迹及代表性建筑,
静安区,JA_C07,,平民女校旧址,Site of the former Pingmin Girl's School,第三批,1984.5.4[a],曾于1959年5月26日被公布为上海市文物保护单位,南京西路街道,成都北路7弄42－44号,1921～1932年,近现代重要史迹及代表性建筑,
虹口区,HK_C04,,瞿秋白寓所旧址,Former residence of Qu Qiubai,第三批,1984.5.4[e],曾于1960年11月22日被公布为上海市文物保护单位,四川北路街道,山阴路133弄12号,1933年,近现代重要史迹及代表性建筑,
虹口区,HK_C06,,李白烈士故居,Former residence of Li Bai,第三批增补四,1985.11.13[e],曾于1960年11月22日被公布为上海市文物保护单位,四川北路街道,黄渡路107弄15号,1946年,近现代重要史迹及代表性建筑,
浦东新区,PD_N01,国,张闻天故居[l],Former Residence of Zhang Wentian,第三批增补三,1985.9.19,2001年6月25日被列入第五批全国重点文物保护单位名单,祝桥镇,邓三村北张家宅,近代,近现代重要史迹及代表性建筑,
虹口区,HK_C07,,中国共产党第四次全国代表大会遗址,Site of 4th CCP congress,纪念地点[g],1987.11.17,2014年4月4日被调整为市级文物保护单位,四川北路街道,东宝兴路254弄28支弄8号,1925年,近现代重要史迹及代表性建筑,
黄浦区,HP_C08,,上海人民保安队总指挥部旧址,Site of the HQ of the People's Guard of Shanghai / The Customs Building,纪念地点[g],1987.11.17,2014年4月4日被调整为市级文物保护单位,外滩街道,中山东一路13号上海海关大楼内401、412、413室,1949年,近现代重要史迹及代表性建筑,
普陀区,PT_C02,,沪西工友俱乐部遗址,Site of the former West Shanghai Worker's Club,纪念地点[g],1987.11.17[a],"曾于1959年5月26日被公布为上海市文物保护单位
2014年4月4日被调整为市级文物保护单位",长寿路街道,安远路280号、282号,1925年,近现代重要史迹及代表性建筑,
虹口区,HK_C08,,“五卅”烈士墓遗址,Site of graves of Wusa martyrs,纪念地点[g],1987.11.17[a],"曾于1959年5月26日被公布为上海市文物保护单位
2014年4月4日被调整为市级文物保护单位",广中路街道,新同心路1号处,1926年,近现代重要史迹及代表性建筑,
黄浦区,HP_C33,,上海工商学联合会遗址,"Former Site of HQ of Union of Shanghai Trade Union-Commerce Chamber-Student Union ",纪念地点[g],1987.11.17[b],"曾于1962年9月7日被公布为上海市文物保护单位
2014年4月4日被调整为市级文物保护单位",老西门街道,黄家阙路99号（原庆安里2号）,1925年,近现代重要史迹及代表性建筑,
静安区,JA_C10,,中共淞浦特委办公地点旧址,Former site of the office of CCP Songpu Special Conmission,第四批,1987.11.17[e],曾于1960年11月22日被公布为上海市文物保护单位,石门二路街道,山海关路387弄5号,1929～1930年,近现代重要史迹及代表性建筑,
静安区,JA_C03,,中国社会主义青年团中央机关遗址,Site of the former HQ of the Youth League,第四批[d],1987.11.17[e],"曾于1960年11月22日被公布为上海市文物保护单位
2002年4月27日被调整为纪念地点
2014年4月4日重新被调整为市级文物保护单位",南京西路街道,大沽路400、402号（原大沽路356、357号）,1922年,近现代重要史迹及代表性建筑,
宝山区,BS_C03,,姚子青营抗日牺牲处,Death site of Yao Ziqing during the Anti-Japanese war,纪念地点[g],1992.6.1,2014年4月4日被调整为市级文物保护单位,友谊路街道,友谊路1号临江公园内,1937年,近现代重要史迹及代表性建筑,
浦东新区,PD_C01,,黄炎培故居,Former Residence of Huang Yanpei,第六批,1992.6.1,,川沙新镇,新川路南市街口兰芬堂74弄1～8号,清光绪四年(1878年),近现代重要史迹及代表性建筑,
长宁区,CN_C02,,中共中央上海局机关旧址,Former site of the CCP Shanghai branch,第六批,1992.6.1,,江苏路街道,江苏路389弄21号,1947～1949年,近现代重要史迹及代表性建筑,
静安区,JA_C23,,刘长胜故居,Former Residence of Liu Changsheng,纪念地点[g],1992.6.1,2014年4月4日被调整为市级文物保护单位,静安寺街道,愚园路81号,解放战争时期,近现代重要史迹及代表性建筑,
青浦区,QP_C08,,陈云故居,Former Residence of Chen Yun,第七批,2002.4.27,,练塘镇,下塘街19号,1926年,近现代重要史迹及代表性建筑,
黄浦区,HP_C49,,中华职业教育社旧址,Former site of The National Association of Vocational Education of China,第七批,2002.4.27,,瑞金二路街道,雁荡路80号,1930年,近现代重要史迹及代表性建筑,
宝山区,BS_C09,,大中华纱厂及华丰纱厂旧址,Former site of Dazhonghua Fabric Factory and Huafeng Fabric Factory,第八批,2014.4.4,,吴淞街道,淞兴西路258号,1919－1932年,近现代重要史迹及代表性建筑,
虹口区,HK_C13,,周恩来同志在沪早期革命活动旧址,Site of early revolutionary activities by Zhou Enlai in Shanghai,第八批,2014.4.4,,四川北路街道,四川北路1953弄永安里44号,1927年,近现代重要史迹及代表性建筑,
虹口区,HK_C17,,中共中央联络处旧址,Site of Liaison Office of the CPC Central Committee,第八批,2014.4.4,,四川北路街道,四川北路1953弄135号,1928年,近现代重要史迹及代表性建筑,
金山区,JS_C09,,姚光故居,Former Residence of Yao Guang,第八批,2014.4.4,,张堰镇,新华中路139号,1891年,古建筑,
金山区,JS_C10,,人民公社旧址,Former Site of the People's Commune,第八批,2014.4.4,,枫泾镇,和平街85号,1959年,近现代重要史迹及代表性建筑,
静安区,JA_C12,,荣宗敬旧居,Former residence of Rong Zongjing,第八批,2014.4.4,,南京西路街道,陕西北路186号,1918年前,近现代重要史迹及代表性建筑,
静安区,JA_C16,,中共中央特科机关旧址,Former site of CCP Special Actions Unit,第八批,2014.4.4,,江宁路街道,武定路930弄14号,1927年,近现代重要史迹及代表性建筑,
黄浦区,HP_C07,,中国记协成立大会会址,Site of the Founding Conference of the Journalist Association of China,第八批,2014.4.4,,外滩街道,山西南路182－200号,1929年,近现代重要史迹及代表性建筑,
黄浦区,HP_C23,,中共中央秘密印刷厂旧址,Former site of the underground printworks of CCP,第八批,2014.4.4,,南京东路街道,新昌路99号,1931年,近现代重要史迹及代表性建筑,
黄浦区,HP_C24,,中共中央与中央军委联络点旧址,Former site of the contacting point of the CCP and the Central Military Conmission,第八批,2014.4.4,,南京东路街道,浙江中路112号,1928年,近现代重要史迹及代表性建筑,
黄浦区,HP_C41,,江南制造总局旧址,Former site of Jiangnan Machinery,第八批,2014.4.4,,五里桥街道,浦西世博园区内,清,近现代重要史迹及代表性建筑,
黄浦区,HP_C46,,中国农工民主党第一次全国干部会议会址,Former site of the 1st Congress of Chinese Peasants' and Workers' Democratic Party,第八批,2014.4.4,,淮海中路街道,淡水路332弄1号,1930年,近现代重要史迹及代表性建筑,
黄浦区,HP_C54,,中国科学社暨明复图书馆旧址,Former site of the Science Society of China and Mingfu Library,第八批,2014.4.4,,瑞金二路街道,陕西南路235号,1929年,近现代重要史迹及代表性建筑,
奉贤区,FX_C02,,柘林古文化遗址,Site of Zhelin,保护地点[g],1977.12.7,2014年4月4日被调整为市级文物保护单位,柘林镇,冯桥村奉贤盐场,新石器时代,古文化遗址,
松江区,SJ_C03,,汤庙村古文化遗址,Site of Pingyuancun,保护地点[g],1977.12.7,2014年4月4日被调整为市级文物保护单位,小昆山镇,汤庙村西南,新石器时代、秦汉,古文化遗址,
松江区,SJ_C04,,平原村古文化遗址,Site of Pingyuan Ancient Culture,保护地点[g],1977.12.7,2014年4月4日被调整为市级文物保护单位,佘山镇,平原村东南,商、周时期,古文化遗址,
金山区,JA_C01,,亭林古文化遗址,Site of Tinglin,保护地点[g],1977.12.7,2014年4月4日被调整为市级文物保护单位,亭林镇,平南路以西、华亭路以南(亭林公园及周边),新石器时代、商、周,古文化遗址,
金山区,JS_C07,,查山古文化遗址,Site of Chashan,保护地点[g],1977.12.7,2014年4月4日被调整为市级文物保护单位,金山卫镇,查山东麓长春村,新石器时代、商、周,古文化遗址,
青浦区,QP_C04,,刘夏古文化遗址,Site of Liuxia,保护地点[g],1977.12.7,2014年4月4日被调整为市级文物保护单位,赵巷镇,刘夏村,西周至战国时期,古文化遗址,
青浦区,QP_C05,,金山坟古文化遗址,Site of Jinshanfen,保护地点[g],1977.12.7,2014年4月4日被调整为市级文物保护单位,练塘镇,东厍村,新石器时代、春秋、战国时期,古文化遗址,
青浦区,QP_C06,,寺前村古文化遗址,Site of Siqiancun,保护地点[g],1977.12.7,2014年4月4日被调整为市级文物保护单位,香花桥街道,天一村,新石器时代、商、周,古文化遗址,
徐汇区,XH_C01,,龙华寺,Longhua Temple,第一批,1977.12.7[a],曾于1959年5月26日被公布为上海市文物保护单位,龙华街道,龙华路2853号,清（寺）,古建筑,
徐汇区,XH_N01,国,徐光启墓[k],Grave of Xu Guangqi,第一批,1977.12.7[a],"曾于1959年5月26日被公布为上海市文物保护单位
1988年1月13日被列入第三批全国重点文物保护单位名单",徐家汇街道,南丹路光启公园内,明,古墓葬,
徐汇区,XH_N04,国,龙华塔[i],Longhua Pagoda,第一批,1977.12.7[a],"曾于1959年5月26日被公布为上海市文物保护单位
2006年5月25日被列入第六批全国重点文物保护单位名单",龙华街道,龙华路2853号,北宋太平兴国二年(977年)（塔）,古建筑,
普陀区,PT_N01,国,真如寺正殿[h],"Main pavillion, Zhenru Temple",第一批,1977.12.7[a],"曾于1959年5月26日被公布为上海市文物保护单位
1996年11月20日被列入第四批全国重点文物保护单位名单",真如镇,后山门5号,元延祐七年(1320年),古建筑,
浦东新区,PD_C02,,太平天国烈士墓,Graves of Taiping Rebellion Martyrs,第一批,1977.12.7[a],曾于1959年5月26日被公布为上海市文物保护单位,高桥镇,草高支路、屯粮巷村南,清同治元年(1862年),近现代重要史迹及代表性建筑,
黄浦区,HP_N05,国,豫园[f],Yu Garden,第一批,1977.12.7[a],"曾于1959年5月26日被公布为上海市文物保护单位
1982年2月23日被列入第二批全国重点文物保护单位名单",豫园街道,"豫园：安仁街218号
沉香阁：沉香阁路29号",明清,古建筑,
松江区,SJ_N01,国,唐陀罗尼经幢[k],Dhvaja of Dharani in the Tang Dynasty,第一批,1977.12.7[b],"曾于1962年9月7日被公布为上海市文物保护单位
1988年1月13日被列入第三批全国重点文物保护单位名单",中山街道,中山小学内,唐,古建筑,
松江区,SJ_N02,国,兴圣教寺塔[h],Xingshengjiaosi Tower,第一批,1977.12.7[b],"曾于1962年9月7日被公布为上海市文物保护单位
1996年11月20日被列入第四批全国重点文物保护单位名单",中山街道,方塔园内,北宋熙宁元祐年间(1068～1094年),古建筑,
金山区,JS_C08,,戚家墩古文化遗址,Site of Qijiadun,保护地点[g],1977.12.7[b],"曾于1962年9月7日被公布为上海市文物保护单位
2014年4月4日被调整为市级文物保护单位",石化街道,临潮三村,春秋、战国、西汉,古文化遗址,
闵行区,MH_N01,国,马桥古文化遗址[n],Site of Maqiao Ancient Culture,保护地点,1977.12.7[b],"曾于1962年9月7日被公布为上海市文物保护单位
2013年3月5日被列入第七批全国重点文物保护单位名单",马桥镇,俞塘村,新石器时代晚期、春秋、战国,古文化遗址,
青浦区,QP_N02,国,崧泽古文化遗址[n],Site of Songze,保护地点,1977.12.7[b],"曾于1962年9月7日被公布为上海市文物保护单位
2013年3月5日被列入第七批全国重点文物保护单位名单",赵巷镇,崧泽村,新石器时代、商、周,古文化遗址,
虹口区,HK_C05,,1927年中共江苏省委旧址,1927 CCP Commission of Jiangsu Province,第一批,1977.12.7[e],曾于1960年11月22日被公布为上海市文物保护单位,四川北路街道,山阴路69弄（恒丰里）90号,1927年,近现代重要史迹及代表性建筑,
虹口区,HK_C12,,上海总工会秘密办公机关旧址,Former secret office of Shanghai General Worker's Union,第一批[d],1977.12.7[e],"曾于1960年11月22日被公布为上海市文物保护单位
2002年4月27日被调整为纪念地点
2014年4月4日重新被调整为市级文物保护单位",嘉兴路街道,四平路122弄21号(原溧阳路965弄21号),1925—1927年,近现代重要史迹及代表性建筑,
松江区,SJ_C05,,松江清真寺,Songjiang Mosque,第二批,1980.8.26,,岳阳街道,中山中路365号,元、明,古建筑,
黄浦区,HP_C39,,上海工人第三次武装起义工人纠察队沪南总部—三山会馆,,第二批,1980.8.26[a],曾于1959年5月26日被公布为上海市文物保护单位,半淞园路街道,中山南路1551号,1927年3月,近现代重要史迹及代表性建筑,
嘉定区,JD_C06,,南翔寺砖塔,Brick Pagoda of Nanxiang Temple,第二批,1980.8.26[b],曾于1962年9月7日被公布为上海市文物保护单位,南翔镇,解放街香花桥北堍,五代—北宋,古建筑,
嘉定区,JD_N01,国,嘉定孔庙[n],The Confucious Temple of Jiading,第二批,1980.8.26[b],"曾于1962年9月7日被公布为上海市文物保护单位
2013年3月5日被列入第七批全国重点文物保护单位名单",嘉定镇,南大街183号,南宋嘉定十二年(1219年)(明、清重建),古建筑,
松江区,SJ_C01,,夏允彝、完淳父子墓,Tomb of Xia Yunyi and Xia Wanchun,第二批,1980.8.26[b],曾于1962年9月7日被公布为上海市文物保护单位,小昆山镇,松江科技园区荡湾村,清顺治二年(1645年),古墓葬,
青浦区,QP_C03,,泖塔,Liu Pagoda,第二批,1980.8.26[b],曾于1962年9月7日被公布为上海市文物保护单位,朱家角镇,沈巷太阳岛,唐咸通至乾符年间(874～879年),古建筑,
闸北区,JA_C24,,宋教仁墓,Grave of Song Jiaoren,第二批增补一,1981.8.25,,共和新路街道,共和新路1555号（闸北公园内）,1914年,近现代重要史迹及代表性建筑,
松江区,SJ_C06,,圆应塔（西林塔）,Yuanyin Pagoda,第二批增补三,1982.9.29,,岳阳街道,中山中路666号西林寺,明正统年间(1436～1449年),古建筑,
青浦区,QP_C02,,吉云禅寺塔（青龙塔）,Qinglong Pagoda,第二批增补三,1982.9.29[b],曾于1962年9月7日被公布为上海市文物保护单位,白鹤镇,青龙村,唐长庆年间(821～824年),古建筑,
黄浦区,HP_C30,,徐光启故居——九间楼,Former Residence Xu Guangqi,纪念地点[g],1983.11.7[a],"曾于1959年5月26日被公布为上海市文物保护单位
2014年4月4日被调整为市级文物保护单位",老西门街道,乔家路234-244号,明嘉靖四十一年(1562年),古建筑,
松江区,SJ_C07,,护珠塔,Huzhu Pagoda,第二批增补四,1983.3.16,,佘山镇,松江天马山,南宋元丰二年(1079年),古建筑,
宝山区,BS_C01,,罗店红十字纪念碑,The Red Cross Monument of Luodian,日本帝国主义侵略上海遗址纪念地[g],1984.3.19,2014年4月4日被调整为市级文物保护单位,罗店镇,罗太路352弄15号陈伯吹中学内,1946年,近现代重要史迹及代表性建筑,
宝山区,BS_C05,,吴淞炮台抗日遗址,Former site of Wusong Battery,日本帝国主义侵略上海遗址纪念地[g],1984.3.19,2014年4月4日被调整为市级文物保护单位,友谊路街道,宝山一村居委塘后路109号,1932年,近现代重要史迹及代表性建筑,
宝山区,BS_C07,,无名英雄纪念墓遗址,Former site of the graveyard of nameless heros,日本帝国主义侵略上海遗址纪念地[g],1984.3.19,2014年4月4日被调整为市级文物保护单位,庙行镇,泗塘二中内,1936年,近现代重要史迹及代表性建筑,
宝山区,BS_C08,,侵华日军小川沙登陆地点,"Site of landing of the Japanese Imperial Army at Xiaochuansha ",日本帝国主义侵略上海遗址纪念地[g],1984.3.19,2014年4月4日被调整为市级文物保护单位,罗泾镇,罗泾工业园区川纪路158号,1937年,近现代重要史迹及代表性建筑,
金山区,JS_C04,,侵华日军金山卫城登陆地点(金山县金山卫城老南门),Site of landing of the Japanese Imperial Army at Jinshanwei,日本帝国主义侵略上海遗址纪念地[g],1984.3.19,2014年4月4日被调整为市级文物保护单位,石化街道,南安路87号(近学府路),1937年,近现代重要史迹及代表性建筑,
金山区,JS_C06,,金山卫城侵华日军杀人塘,The Japanese Army Killing Grounds at Jinshanwei City,日本帝国主义侵略上海遗址纪念地[g],1984.3.19,2014年4月4日被调整为市级文物保护单位,金山卫镇,老卫清路与古城路交叉口东北200米处,1937年,近现代重要史迹及代表性建筑,
崇明区,CM_C01,,崇明学宫,Confucious Temple of Chongming,第三批,1984.5.4,,城桥镇,鳌山路669号,明、清,古建筑,
金山区,JS_C02,,招贤浜古文化遗址[s],Site of Zhaoxianbang,保护地点[g],1984.5.4,"公布时名称为“张堰口古文化遗址”，1989年因遗址附近新开河名，更名为招贤浜遗址
2014年4月4日被调整为市级文物保护单位",亭林镇,东新村松金公路与上海绕城高G1501交叉口东南、桥港河两岸,新石器时代、商、周时期,古文化遗址,
浦东新区,PD_C03,,老宝山城遗址,Site of the Old Baoshan City,保护地点[g],1984.5.4[a],"曾于1959年5月26日被公布为上海市文物保护单位
2014年4月4日被调整为市级文物保护单位",高桥镇,外高桥港区,清代,古文化遗址,
黄浦区,HP_C34,,上海古城墙和大境道观,Old City Walls and the Dajing Taoist Temple,第三批,1984.5.4[a],曾于1959年5月26日被公布为上海市文物保护单位,豫园街道,大境路269号,明嘉靖三十二年(1553年),古建筑,
嘉定区,JD_C01,,0,Qiuxia Garden,第三批,1984.5.4[b],曾于1962年9月7日被公布为上海市文物保护单位,嘉定镇,东大街,明正德年间(1506～1521年),古建筑,
松江区,SJ_N03,国,广富林古文化遗址[n],Site of Guangfulin,保护地点,1984.5.4[b],"曾于1962年9月7日被公布为上海市文物保护单位
2013年3月5日被列入第七批全国重点文物保护单位名单",广富林街道,广富林村,新石器时代、春秋、战国时期,古文化遗址,
青浦区,QP_N01,国,福泉山古文化遗址[l],Site of Fuquanshan,保护地点,1984.5.4[b],"曾于1962年9月7日被公布为上海市文物保护单位
2001年6月25日被列入第五批全国重点文物保护单位名单",重固镇,福泉山周围,新石器时代、商、周时期,古文化遗址,
闸北区,JA_C30,,四行仓库抗日纪念地,Anti-Japanese Memorial at the Sihang Warehouses,日本帝国主义侵略上海遗址纪念地[g],1985.8.10,2014年4月4日被调整为市级文物保护单位,北站街道,光复路21号,1937年,近现代重要史迹及代表性建筑,
闸北区,JA_C25,,吴昌硕故居,Former Residence of Wu Changshuo,第三批增补二,1985.8.20,,北站街道,山西北路457弄12号,1910～1927年,近现代重要史迹及代表性建筑,
金山区,JS_C05,,东林寺大殿,The Main Hall of Donglin Temple,第四批,1987.11.17,,朱泾镇,东林街150号,清乾隆年间（1736～1795年）,古建筑,
青浦区,QP_C07,,放生桥,Fangsheng Bridge,第四批,1987.11.17,,朱家角镇,北大街东首,明隆庆五年始建(1571年)清嘉庆十七年(1812年)重建,古建筑,
黄浦区,HP_C25,,书隐楼,Shuying Pavillion,第四批,1987.11.17,,小东门街道,天灯弄77号,清乾隆二十八年（1763年）,古建筑,
徐汇区,XH_C04,,黄母祠,Ancestral Hall of Huang's Mother,第四批,1987.11.17[a],曾于1959年5月26日被公布为上海市文物保护单位,长桥街道,龙吴路1111号上海植物园内,清雍正八年(1730年),古建筑,
闸北区,JA_C31,,上海大学遗址,Former site of Shanghai University,纪念地点[g],1987.11.17[a],"曾于1959年5月26日被公布为上海市文物保护单位
2014年4月4日被调整为市级文物保护单位",宝山路街道,青云路青云里,1923年,近现代重要史迹及代表性建筑,
黄浦区,HP_C26,,商船会馆,Shangchuan Huiguan,第四批,1987.11.17[a],曾于1959年5月26日被公布为上海市文物保护单位,小东门街道,中山南路会馆街38号,清康熙五十四年（1715年）,古建筑,
徐汇区,XH_C03,,黄道婆墓,Grave of Huang Daopo,第四批,1987.11.17[b],曾于1962年9月7日被公布为上海市文物保护单位,华泾镇,东湾村,元代始建现代重建,古墓葬,
松江区,SJ_C02,,陈子龙墓,Grave of Chen Zilong,第四批,1987.11.17[b],曾于1962年9月7日被公布为上海市文物保护单位,广富林街道,广富林村,清顺治四年(1647年)始建现代重建,古墓葬,
青浦区,QP_C1,,普济桥,Puji Bridge,第四批,1987.11.17[b],曾于1962年9月7日被公布为上海市文物保护单位,金泽镇,南市梢,北宋咸淳元年(1265年),古建筑,
徐汇区,XH_N05,国,徐家汇天主堂[n],Cathedral Xujiahui,第五批,1989.9.25,2013年3月5日被列入第七批全国重点文物保护单位名单,徐家汇街道,蒲西路158号,1847年,近现代重要史迹及代表性建筑,
徐汇区,XH_C05,,盛宣怀住宅,Residence of Sheng Xuanhuai,第五批,1989.9.25,,天平路街道,淮海中路1517号,1900年,近现代重要史迹及代表性建筑,
徐汇区,XH_C06,,汾阳路79号住宅,79 Fenyang Rd Residence,第五批,1989.9.25,,天平路街道,汾阳路79号,1905年,近现代重要史迹及代表性建筑,
徐汇区,XH_C07,,国际礼拜堂,The Community Church of Shanghai,第五批,1989.9.25,,天平路街道,衡山路53号,1924年,近现代重要史迹及代表性建筑,
徐汇区,XH_C08,,汾阳路45号住宅,45 Fenyang Rd Residence,第五批,1989.9.25,,湖南路街道,汾阳路45号,1932年,近现代重要史迹及代表性建筑,
徐汇区,XH_C09,,新康花园住宅,Xinkang Gardens,第五批,1989.9.25,,湖南路街道,淮海中路1273弄,1934年,近现代重要史迹及代表性建筑,
徐汇区,XH_C10,,修道院公寓,The Cloister,第五批,1989.9.25,,湖南路街道,复兴西路62号,1948年,近现代重要史迹及代表性建筑,
杨浦区,YP_N01,国,杨树浦水厂[n],Yangshupu Water Works,第五批,1989.9.25,2013年3月5日被列入第七批全国重点文物保护单位名单,平凉路街道,杨树浦路830号,1922年,近现代重要史迹及代表性建筑,
松江区,SJ_C09,,佘山天主教堂,The Cathedral of Sheshan,第五批,1989.9.25,,佘山镇,西佘山,1871年,近现代重要史迹及代表性建筑,
虹口区,HK_N02,国,上海邮政总局[h],Shanghai Postal Office,第五批,1989.9.25,1996年11月20日被列入第四批全国重点文物保护单位名单,四川北路街道,北苏州路276号,1924年,近现代重要史迹及代表性建筑,
虹口区,HK_C09,,苏联领事馆,The Soviet Consulate,第五批,1989.9.25,,提篮桥街道,黄浦路20号,1917年,近现代重要史迹及代表性建筑,
虹口区,HK_C10,,多伦路250号住宅,250 Duolun Rd residence,第五批,1989.9.25,,四川北路街道,多伦路250号,1924年,近现代重要史迹及代表性建筑,
长宁区,CN_C03,,王伯群住宅,Residence of Wang Boqun,第五批,1989.9.25,,江苏路街道,愚园路1136弄31号,1934年,近现代重要史迹及代表性建筑,
长宁区,CN_C07,,兴国路住宅,Residence on Xingguo Rd,第五批,1989.9.25,,新华路街道,兴国路72号,1935年,近现代重要史迹及代表性建筑,
长宁区,CN_C09,,孙科住宅,Residence of Sun Ke,第五批,1989.9.25,,新华路街道,番禺路60号延安西路1262号,1948年,近现代重要史迹及代表性建筑,
长宁区,CN_C10,,泰安路115弄花园里弄住宅,Garden Lilong of 115 Tai'an Rd,第五批,1989.9.25,,新华路街道,泰安路115弄,1948年,近现代重要史迹及代表性建筑,
长宁区,CN_C12,,沙逊别墅,The Sasson Villa,第五批,1989.9.25,,程家桥街道,虹桥路2409号,1932年,近现代重要史迹及代表性建筑,
长宁区,CN_C13,,虹桥路2310号住宅,Residence on 2310 Hongqiao Rd,第五批,1989.9.25,,程家桥街道,虹桥路2310号,20世纪40年代初,近现代重要史迹及代表性建筑,
长宁区,CN_C14,,淮阴路姚氏住宅,House of Yao on Huaiyin rd,第五批,1989.9.25,,程家桥街道,淮阴路200号,1948年,近现代重要史迹及代表性建筑,
静安区,JA_N01,国,马勒住宅[i],Moller Villa,第五批,1989.9.25,2006年5月25日被列入第六批全国重点文物保护单位名单,南京西路街道,陕西南路30号,1936年,近现代重要史迹及代表性建筑,
静安区,JA_C04,,裕华新村,Yuhua Apartments,第五批,1989.9.25,,静安寺街道,富民路182弄,1938年,近现代重要史迹及代表性建筑,
静安区,JA_C06,,美琪大戏院,Majestic Theatre,第五批,1989.9.25,,石门二路街道,江宁路66号,1941年,近现代重要史迹及代表性建筑,
静安区,JA_C11,,华业公寓,Cosmpolitian Apartments,第五批,1989.9.25,,南京西路街道,陕西北路175弄173号,1934年,近现代重要史迹及代表性建筑,
静安区,JA_C18,,宏恩医院,Hong'en Hospital,第五批,1989.9.25,,静安寺街道,延安西路221号,1926年,近现代重要史迹及代表性建筑,
静安区,JA_C19,,嘉道理爵士住宅,Kadoorie Residence / Children's Palace,第五批,1989.9.25,,静安寺街道,延安西路64号,1919～1924年,近现代重要史迹及代表性建筑,
静安区,JA_C21,,涌泉坊,Bubbling Well Lane,第五批,1989.9.25,,静安寺街道,愚园路395弄,1936年,近现代重要史迹及代表性建筑,
黄浦区,HP_N06,国,四行储蓄会/国际饭店 [i],Park Hotel,第五批,1989.9.25,2006年5月25日被列入第六批全国重点文物保护单位名单,南京东路街道,南京西路170号,1934年,近现代重要史迹及代表性建筑,
黄浦区,HP_C02,,圣三一基督教堂,"Holy Trinity Cathedral, Shanghai",第五批,1989.9.25,,外滩街道,九江路211号,1869年,近现代重要史迹及代表性建筑,
黄浦区,HP_C03,,大世界游乐场,Great World,第五批,1989.9.25,,外滩街道,西藏南路1号,1917年,近现代重要史迹及代表性建筑,
黄浦区,HP_C04,,公共租界工部局,"Municipal Council, Shanghai Public Settlement",第五批,1989.9.25,,外滩街道,江西中路215号、209号汉口路193号,1913年建1921年竣工,近现代重要史迹及代表性建筑,
黄浦区,HP_C05,,金城银行,Jin Cheng Bank,第五批,1989.9.25,,外滩街道,江西中路200号,1922年,近现代重要史迹及代表性建筑,
黄浦区,HP_C06,,八仙桥基督教青年会,YMCA of Baxianqiao,第五批,1989.9.25,,外滩街道,西藏南路123号,1931年,近现代重要史迹及代表性建筑,
黄浦区,HP_C11,,先施公司,The Sincere Company,第五批,1989.9.25,,南京东路街道,南京东路690号,1915年,近现代重要史迹及代表性建筑,
黄浦区,HP_C12,,老、新永安公司,Old/New Wing On Company,第五批,1989.9.25,,南京东路街道,南京东路635号、627号,1918年1933年,近现代重要史迹及代表性建筑,
黄浦区,HP_C13,,华安人寿保险公司、金门饭店,Hua'an Life Insurance / Pacific Hotel,第五批,1989.9.25,,南京东路街道,南京西路104号,1933年,近现代重要史迹及代表性建筑,
黄浦区,HP_C14,,新新公司,Xin Xin Company,第五批,1989.9.25,,南京东路街道,南京东路720号,1925年,近现代重要史迹及代表性建筑,
黄浦区,HP_C15,,西侨青年会,Former Foreign YMCA Building,第五批,1989.9.25,,南京东路街道,南京西路150号,1932年,近现代重要史迹及代表性建筑,
黄浦区,HP_C16,,南京大戏院,Nanjing Theatre / Shanghai Concert Hall,第五批,1989.9.25,,南京东路街道,延安东路523号,1930年,近现代重要史迹及代表性建筑,
黄浦区,HP_C17,,大上海大戏院,The Metropol Cinema,第五批,1989.9.25,,南京东路街道,西藏中路500号,1933年,近现代重要史迹及代表性建筑,
黄浦区,HP_C18,,大光明大戏院,Grand Theatre,第五批,1989.9.25,,南京东路街道,南京西路216号,1933年,近现代重要史迹及代表性建筑,
黄浦区,HP_C19,,跑马总会,Shanghai Race Club,第五批,1989.9.25,,南京东路街道,南京西路325号,1933年,近现代重要史迹及代表性建筑,
黄浦区,HP_C20,,大新公司,The Sun Company,第五批,1989.9.25,,南京东路街道,南京东路830号,1934年,近现代重要史迹及代表性建筑,
黄浦区,HP_C44,,尚贤坊,Shangxian Fang,第五批,1989.9.25,,淮海中路街道,淮海中路358弄,1924年,近现代重要史迹及代表性建筑,
黄浦区,HP_C50,,华懋公寓,Cathay Mansion,第五批,1989.9.25,,瑞金二路街道,茂名南路59号长乐路109号,1929年,近现代重要史迹及代表性建筑,
黄浦区,HP_C51,,峻岭公寓、茂名公寓,The Grosvenor House,第五批,1989.9.25,,瑞金二路街道,茂名南路59号茂名南路63～125号,1935年,近现代重要史迹及代表性建筑,
黄浦区,HP_C52,,步高里,Cité Bourgogne,第五批,1989.9.25,,瑞金二路街道,陕西南路287号,1930年,近现代重要史迹及代表性建筑,
黄浦区,HP_C53,,瑞金二路住宅,Residence on Ruijin No.2 Rd / Intercontinental Shanghai Ruijin Hotel,第五批,1989.9.25,,瑞金二路街道,瑞金二路118号,1917年,近现代重要史迹及代表性建筑,
宝山区,BS_C04,,山海工学团遗址,Shanhai Gongxuetuan,纪念地点[g],1992.6.1,2014年4月4日被调整为市级文物保护单位,大场镇,沪太路行知路,1932年,近现代重要史迹及代表性建筑,
宝山区,BS_C06,,吴淞炮台遗址,Former site of the Wusong Battery,纪念地点[g],1992.6.1,2014年4月4日被调整为市级文物保护单位,吴淞街道,海江新村居委塘后支路27号内,1874年,近现代重要史迹及代表性建筑,
徐汇区,XH_C11,,张元济故居,Former Residence of Zhang Yuanji,第六批,1992.6.1,,湖南路街道,淮海中路1285弄24号,1946年,近现代重要史迹及代表性建筑,
长宁区,CN_C06,,路易·艾黎故居,Former residence of Rewi Alley,纪念地点[g],1992.6.1,2014年4月4日被调整为市级文物保护单位,华阳路街道,愚园路1315弄4号,1932年,近现代重要史迹及代表性建筑,
闸北区,JA_C32,,同盟会中部总会秘密接洽机关遗址,"Secret field office of Tongmenghui, Central China Branch",纪念地点[g],1992.6.1,2014年4月4日被调整为市级文物保护单位,北站街道,浙江北路61号内(近天潼路),1911年,近现代重要史迹及代表性建筑,
静安区,JA_C22,,刘晓故居,Former Residence of Liu Xiao,纪念地点[g],1992.6.1,2014年4月4日被调整为市级文物保护单位,静安寺街道,愚园路579弄44号,解放战争时期,近现代重要史迹及代表性建筑,
黄浦区,HP_C36,,上海书店遗址,Former site of Shanghai Bookstore,第六批[d],1992.6.1[a],"曾于1959年5月26日被公布为上海市文物保护单位
2002年4月27日被调整为纪念地点；
2014年4月4日重新被调整为市级文物保护单位",豫园街道,人民路以东，万竹街以南（现老西门环城绿地内）,1923—1926年,近现代重要史迹及代表性建筑,
嘉定区,JD_C08,,黄淳耀墓,Grave of Huang Chunyao,第六批,1992.6.1[b],曾于1962年9月7日被公布为上海市文物保护单位,安亭镇,方泰顾垒村,清顺治二年(1645年)始建现代重建,古墓葬,
崇明区,CM_C02,,唐一岑墓,Grave of Tang Yiceng,第六批,1992.6.1[b],曾于1962年9月7日被公布为上海市文物保护单位,城桥镇,鳌山路,明嘉靖三十三年(1554年),古墓葬,
黄浦区,HP_C21,,慕尔堂,Moore Memorial Church,第六批增补,1993.7.14,,南京东路街道,西藏中路316号,1929年,近现代重要史迹及代表性建筑,
黄浦区,HP_C27,,董家渡天主堂,Dongjiadu Cathedral,第六批增补,1993.7.14,,小东门街道,董家渡路175号,1847～1853年,近现代重要史迹及代表性建筑,
黄浦区,HP_N04,国,上海外滩建筑群=虹口,The Bund,全国重点文物保护单位名单 第4批,1996,1996年11月20日被列入第四批全国重点文物保护单位名单,,延安东路口至上海大厦,,,
虹口区,HK_N04,国,提篮桥监狱关押、审判和处决日本战犯处[n],"Tilanqiao prison; detention, trial and exceuction of Japanese war criminals",上海市抗日纪念地点,1997.8.11,2013年3月5日被列入第七批全国重点文物保护单位名单,提篮桥街道,长阳路147号,1946年,近现代重要史迹及代表性建筑,
嘉定区,JD_C02,,法华塔,Fahua Pagoda,第七批,2002.4.27,,嘉定镇,州桥畔,明代,古建筑,
奉贤区,FX_C01,,奉贤华亭海塘,The Huating Seawall of Fengxian,第七批,2002.4.27,,柘林镇,奉柘公路南侧,清雍正年间(1725～1728年),古建筑,
宝山区,BS_C02,,孔庙大成殿,The Dacheng Pavillion of Confucious Temple,第七批,2002.4.27,,友谊路街道,友谊路1号,清乾隆十二年（1747年）,古建筑,
松江区,SJ_N04,国,佘山天文台[n],Sheshan Observatory,第七批,2002.4.27,2013年3月5日被列入第七批全国重点文物保护单位名单,佘山镇,西佘山,1900年,近现代重要史迹及代表性建筑,
松江区,SJ_C10,,李塔,Li Pagoda,第七批,2002.4.27,,石湖荡镇,李塔汇,明代,古建筑,
松江区,SJ_C11,,秀道者塔,Xiudaozhe Pagoda,第七批,2002.4.27,,佘山镇,西佘山,北宋,古建筑,
金山区,JS_C03,,华严塔,Huayan Pagoda,第七批,2002.4.27,,亭林镇,九丰村松隐寺内,明洪武十三年(1380年),古建筑,
黄浦区,HP_C35,,上海城隍庙,City God Temple,第七批,2002.4.27,1950,豫园街道,方浜中路249号,1926年,古建筑,
黄浦区,HP_C28,,上海文庙,Confucious Temple of Shanghai,第七批,2002.4.27,,老西门街道,文庙路215号,清代,古建筑,
嘉定区,JD_C03,,嘉定城墙遗址,City Wall of Jiading,第八批,2014.4.4,,嘉定镇,"北水关遗址：嘉定镇嘉宏社区北大街桃李园中学东北侧
南水关：嘉定镇汇龙潭社区南城河东街东首
西水关：嘉定镇三皇桥社区人民街西首
南城墙：嘉定镇汇龙潭社区南城河街
西城墙：嘉定镇三皇桥社区人民街西首",明,古建筑,
嘉定区,JD_C04,,印家住宅,Residence of the Yin family,第八批,2014.4.4,,娄塘镇,南新路169号,清末至民初,近现代重要史迹及代表性建筑,
嘉定区,JD_C05,,娄塘天主堂,Loutang Cathedral,第八批,2014.4.4,,娄塘镇,人民街142－158号,清,古建筑,
嘉定区,JD_C07,,古猗园,Guyi Garden,第八批,2014.4.4,,南翔镇,沪宜公路218号,明至民国,古建筑,
嘉定区,JD_C09,,钱大昕墓,Grave of Qian Daxin,第八批,2014.4.4,,外冈镇,嘉松北路633号清竹园内,1805年,古墓葬,
嘉定区,JD_C10,,沈家祠堂,Shen Clan Ancestral Hall,第八批,2014.4.4,,江桥镇,星火村,1916年,近现代重要史迹及代表性建筑,
奉贤区,FX_C03,,沈家花园,Shen Family Garden,第八批,2014.4.4,,南桥镇,解放中路502号,20世纪20年代,近现代重要史迹及代表性建筑,
徐汇区,XH_C12,,黄家花园旧址,Former site of Huang Family Gardens / Guilin Park,第八批,2014.4.4,,康健新村街道,"桂林公园：桂林路128号
金荣亭：康健路柳州路口",1934年,近现代重要史迹及代表性建筑,
徐汇区,XH_C13,,上海特别市政府旧址,Former site of the Shanghai Special Municipality government,第八批,2014.4.4,,枫林路街道,平江路48号,1927年,近现代重要史迹及代表性建筑,
徐汇区,XH_C14,,丁香花园,Dingxiang Gardens,第八批,2014.4.4,,湖南路街道,华山路849号1号楼,1862年,近现代重要史迹及代表性建筑,
徐汇区,XH_C15,,东平路9号住宅,Residence on 9 Dongping Rd,第八批,2014.4.4,,天平路街道,东平路9号,1932年,近现代重要史迹及代表性建筑,
徐汇区,XH_C16,,新乐路东正教堂,Orthodox Church on Xinle Rd,第八批,2014.4.4,,湖南路街道,新乐路55号,1936年,近现代重要史迹及代表性建筑,
徐汇区,XH_C17,,蒲石公馆旧址,Former site of the Pushi Mansions,第八批,2014.4.4,,天平路街道,太原路160号,1928年,近现代重要史迹及代表性建筑,
徐汇区,XH_C18,,上海交通大学历史建筑群,Historical Buildings of Jiaotong University,第八批,2014.4.4,,徐家汇街道,华山路1954号,1898－1936年,近现代重要史迹及代表性建筑,
徐汇区,XH_C19,,巴金旧居,Former Residence of Ba Jin,第八批,2014.4.4,,湖南路街道,武康路113号,1955年,近现代重要史迹及代表性建筑,
徐汇区,XH_C20,,张澜旧居,Former Residence of Zhang Lan,第八批,2014.4.4,,天平路街道,永嘉路321弄8号,1946年,近现代重要史迹及代表性建筑,
徐汇区,XH_C21,,夏衍旧居,Former Residence of Xia Yan,第八批,2014.4.4,,天平路街道,乌鲁木齐南路178号2号楼,1949年,近现代重要史迹及代表性建筑,
徐汇区,XH_C22,,江南弹药厂旧址,Former site of the Jiangnan Amminution Factory,第八批,2014.4.4,,龙华街道,龙华路2577号(烈士陵园北部),1876年,近现代重要史迹及代表性建筑,
徐汇区,XH_C23,,徐家汇天主教历史建筑群,Historical Buildings of the Catholic Church at Xujiahui,第八批,2014.4.4,,徐家汇街道,"徐家汇观象台旧址：蒲西路166号
徐家汇藏书楼旧址：漕溪北路80号
徐汇中学崇思楼旧址：虹桥路68号
徐家汇圣母院旧址：漕溪北路201号
 土山湾孤儿院旧址：蒲汇塘路55号
 启明女校旧址：天钥桥路100号
 天主教大修院：漕溪北路336号

 



",19世纪,近现代重要史迹及代表性建筑,
徐汇区,XH_C24,,黄兴旧居,Former Residence of Huang Xing,第八批,2014.4.4,,湖南路街道,武康路393号,1914年,近现代重要史迹及代表性建筑,
普陀区,PT_C03,,中央造币厂旧址,Former site of the Central Mint,第八批,2014.4.4,,宜川路街道,光复西路17号,1922年,近现代重要史迹及代表性建筑,
杨浦区,YP_C01,,“大上海计划”公共建筑群,Historical public buildings of the Great Shanghai Project,第八批归并,2014.4.4,"2014年4月4日与原市级文物保护单位“江湾体育场”、
“旧上海市政府大楼” 合并为“‘大上海计划’公共建筑群”",五角场镇,"旧上海市政府大楼：清源环路650号
江湾体育场：国和路346号
旧上海市图书馆：黑山路181号
旧上海市博物馆：长海路174号
旧上海市立医院、市卫生试验所：长海路174号、中原路32弄",,近现代重要史迹及代表性建筑,
杨浦区,YP_C02,,飞机楼,The Airplane Building,第八批,2014.4.4,,五角场镇,长海路174号,1936年,近现代重要史迹及代表性建筑,
杨浦区,YP_C03,,上海工部局电气处新厂旧址,"Former site of the new factory of the SMC Electricity Division ",第八批,2014.4.4,,定海路街道,杨树浦路2800号,1913年,近现代重要史迹及代表性建筑,
杨浦区,YP_C04,,上海煤气公司杨树浦工场旧址,Site of Shanghai Gas Company Yangshupu Works,第八批,2014.4.4,,定海路街道,杨树浦路2524号,1934年,近现代重要史迹及代表性建筑,
杨浦区,YP_C05,,东区污水处理厂旧址,Former site of East District Waterworks,第八批,2014.4.4,,定海路街道,河间路1283号,1926年,近现代重要史迹及代表性建筑,
杨浦区,YP_C06,,裕丰纺织株式会社旧址,Former site of Yufeng Fabric Company,第八批,2014.4.4,,定海路街道,杨树浦路2866号,1922年,近现代重要史迹及代表性建筑,
杨浦区,YP_C07,,密丰绒线厂旧址,Former site of Mifeng Yarn Factory,第八批,2014.4.4,,定海路街道,波阳路400号,1934年,近现代重要史迹及代表性建筑,
杨浦区,YP_C08,,沪江大学历史建筑群,Historical Buildings of Hujiang University,第八批,2014.4.4,,长白新村街道,军工路516号,1906－1948年,近现代重要史迹及代表性建筑,
杨浦区,YP_C09,,陈望道旧居,Former Residence of Chen Wangdao,第八批,2014.4.4,,五角场街道,国福路51号,1952年,近现代重要史迹及代表性建筑,
松江区,SJ_C08,,松江方塔园,Fangta Garden of Songjiang,第八批归并[u],2014.4.4,2014年4月4日与原市级文物保护单位“砖刻照壁”合并为“松江方塔园”,中山街道,中山东路235号,1884年,古建筑,
松江区,SJ_C12,,颐园,Yi Garden,第八批,2014.4.4,,永丰街道,松汇西路1172号内,明、清,古建筑,
松江区,SJ_C13,,醉白池,Zuibaichi Garden,第八批,2014.4.4,,岳阳街道,人民南路64号内,清,古建筑,
松江区,SJ_C14,,大仓桥,Dacang Bridge,第八批,2014.4.4,,永丰街道,中山西路仓桥弄南,1626年,古建筑,
松江区,SJ_C15,,辰山古遗址,Site of Chengshan,第八批,2014.4.4,,佘山镇,辰山南麓市河两侧,商、周,古文化遗址,
松江区,SJ_C16,,中泾圣母领报堂,Zhongjin Cathedral,第八批,2014.4.4,,松江工业区,新兴村南新224号,1936年,近现代重要史迹及代表性建筑,
浦东新区,PD_C04,,高桥仰贤堂,Yangxian Hall of Gaoqiao,第八批,2014.4.4,,高桥镇,义王路1号,1933年,近现代重要史迹及代表性建筑,
浦东新区,PD_C05,,陈桂春住宅,Residence of Chen Guichun,第八批,2014.4.4,,陆家嘴街道,陆家嘴东路15号,1917年,近现代重要史迹及代表性建筑,
浦东新区,PD_C06,,民生码头,The Minsheng Piers,第八批,2014.4.4,,洋泾街道,民生路3号,20世纪10年代,近现代重要史迹及代表性建筑,
浦东新区,PD_C07,,翊园,Xu Garden,第八批,2014.4.4,,康桥镇,川周公路2607号,1921－1924年,近现代重要史迹及代表性建筑,
浦东新区,PD_C08,,新场第一楼书场,Diyilou Pingshu Venue of Xinchang,第八批,2014.4.4,,新场镇,新场大街424号,清,古建筑,
浦东新区,PD_C09,,新场信隆典当,Xinlong Pawn Shop of Xinchang,第八批,2014.4.4,,新场镇,新场大街367－371号,清,古建筑,
虹口区,HK_C14,,上海工部局宰牲场旧址,Former Slaughterhouse of the Shanghai Municipal Council,第八批,2014.4.4,,嘉兴路街道,沙泾路10号、29号,1933年,近现代重要史迹及代表性建筑,
虹口区,HK_C15,,沈尹默旧居,Former residence of Shen Yinmo,第八批,2014.4.4,,四川北路街道,海伦路504号,1946年,近现代重要史迹及代表性建筑,
虹口区,HK_C16,,摩西会堂旧址,Ohel Moshe synagogue,第八批,2014.4.4,,提篮桥街道,长阳路62号,1907年,近现代重要史迹及代表性建筑,
金山区,JS_C11,,朱学范故居及墓,Grave and former residence of Zhu Xuefan,第八批,2014.4.4,,枫泾镇,新街11号; 枫泾公墓内,1905年前后,近现代重要史迹及代表性建筑,
金山区,JS_C12,,枫泾消防纪念塔及东区火政会,Fengjing Fire Department Monument and Dongqu Fire Department,第八批,2014.4.4,,枫泾镇,枫思路51号北侧;枫泾镇生产街122－124号,1926年,近现代重要史迹及代表性建筑,
长宁区,CN_C04,,中西女塾旧址,Zhongxi Girl's School,第八批,2014.4.4,,江苏路街道,江苏路155号,1917年,近现代重要史迹及代表性建筑,
长宁区,CN_C05,,圣约翰大学历史建筑群,Historical Buildings of St Johns University,第八批,2014.4.4,,华阳路街道,万航渡路1575号,1894－1909年,近现代重要史迹及代表性建筑,
长宁区,CN_C08,,李鸿章祠堂,Li Hongzhang ancestral hall,第八批,2014.4.4,,新华路街道,华山路1626号,1904年,近现代重要史迹及代表性建筑,
长宁区,CN_C11,,万国公墓旧址,"Site of Wanguo Cemetery ",第八批,2014.4.4,,虹桥街道,虹桥路1290号,1909年,近现代重要史迹及代表性建筑,
长宁区,CN_C15,,息焉堂,Xiyan Hall,第八批,2014.4.4,,新泾镇,可乐路1号,1925年,近现代重要史迹及代表性建筑,
长宁区,CN_C16,,上钢十厂冷轧带钢车间旧址,Former site of Shanghai No.10 Steelworks,第八批,2014.4.4,,新华路街道,淮海西路570号,1956年,近现代重要史迹及代表性建筑,
闵行区,MH_C01,,民国上海县政府旧址,Former site of the Government of Shanghai County during the Republican Era,第八批,2014.4.4,,颛桥镇,沪闵路2550号大院内,1932年,近现代重要史迹及代表性建筑,
闵行区,MH_C02,,上海普慈疗养院旧址,Site of Puci Sanatorium,第八批,2014.4.4,,颛桥镇,沪闵路3210号,1935年,近现代重要史迹及代表性建筑,
闵行区,MH_C03,,漕宝路七号桥碉堡,Fort of Qihaoqiao on Caobao Rd,第八批,2014.4.4,,七宝镇,漕宝路七号桥东堍北侧,民国,近现代重要史迹及代表性建筑,
闵行区,MH_C04,,南张天主堂,The Cathedral of Nanzhang,第八批,2014.4.4,,莘庄镇,秀文路485弄50号,1901年,近现代重要史迹及代表性建筑,
闸北区,JA_C33,,浙江路桥,Zhejiang Rd Bridge,第八批,2014.4.4,,北站街道,浙江中路与浙江北路连接处,1907年,近现代重要史迹及代表性建筑,
闸北区,JA_C34,,上海总商会旧址,Site of the former Shanghai Chamber of Commerce,第八批,2014.4.4,,北站街道,北苏州路470号,1915年,近现代重要史迹及代表性建筑,
闸北区,JA_C35,,钱氏宗祠,Qian Clan Ancestral Hall,第八批,2014.4.4,,共和新路街道,共和新路1555号闸北公园内,民国初期,近现代重要史迹及代表性建筑,
闸北区,JA_C36,,公共租界会审公廨旧址,Site of the former court of the International Settlement,第八批,2014.4.4,,北站街道,浙江北路191号,1899－1931年,近现代重要史迹及代表性建筑,
闸北区,JA_C37,,中共三大后中央局机关三曾里遗址,Former site of CCP central offices at Sanzeng Lane after the 3rd Congress,第八批,2014.4.4,,宝山路街道,临山路202－204号处,1923－1924年,近现代重要史迹及代表性建筑,
青浦区,QP_C10,,曲水园,Qushui Garden,第八批,2014.4.4,,盈浦街道,公园路612号,1884－1910年,古建筑,
青浦区,QP_C11,,万寿塔,Wanshou Pagoda,第八批,2014.4.4,,夏阳街道,塔湾村,1743年,古建筑,
静安区,JA_C09,,南京西路1400－1418号住宅,1400-1418 West Nanjing Rd,第八批,2014.4.4,,江宁路街道,南京西路1400－1418号,1926年,近现代重要史迹及代表性建筑,
静安区,JA_C14,,陕西北路宋家老宅旧址,Former site of Song family residence,第八批,2014.4.4,,南京西路街道,陕西北路369号,1918年,近现代重要史迹及代表性建筑,
静安区,JA_C15,,铜仁路史量才旧居,Former residence of Shi Liangcai on Tongren Rd,第八批,2014.4.4,,南京西路街道,铜仁路257号,1922年,近现代重要史迹及代表性建筑,
黄浦区,HP_C01,,外滩信号台,The Gutzlaff Signal Tower,第八批,2014.4.4,,外滩街道,中山东二路1号(甲),1907年,近现代重要史迹及代表性建筑,
黄浦区,HP_C31,,小桃园清真寺,Xiaotaoyuan Mosque,第八批,2014.4.4,,老西门街道,小桃园街52号,1917年,近现代重要史迹及代表性建筑,
黄浦区,HP_C32,,清心堂,Qingxin Hall,第八批,2014.4.4,,老西门街道,大昌街30号,1923年,近现代重要史迹及代表性建筑,
黄浦区,HP_C40,,清心女子中学旧址,Former site of Qingxin Girl's High School,第八批,2014.4.4,,半淞园路街道,陆家浜路650号,1921年,近现代重要史迹及代表性建筑,
黄浦区,HP_C56,,法租界会审公廨旧址,Former site of the French Concession Court,第八批,2014.4.4,,瑞金二路街道,建国中路20号、22号,1915年,近现代重要史迹及代表性建筑,
黄浦区,HP_C38,,世春堂[j],Shichun Hall,第八批,2014.4.4[a],"曾于1959年5月26日被公布为上海市文物保护单位
1959年5月26日公布时名称为“敬一堂”",豫园街道,梧桐路137号,1640年,古建筑,
青浦区,QP_C09,,迎祥桥,Yingxiang Bridge,第八批,2014.4.4[b],曾于1962年9月7日被公布为上海市文物保护单位,金泽镇,金溪居委会,1462年,古建筑,
虹口区,HK_N03,国,鲁迅墓,Graveyard of Lu Xun,全国重点文物保护单位名单 第一批,1961,,,四川北路2288号（鲁迅公园内）,,,
长宁区,CN_N01,国,宋庆龄墓,Soong Ching-ling Cemetary,全国重点文物保护单位名单 第二批,1982,,,宋园路21号,,,
虹口区,HK_N01,国,上海外滩建筑群=黄浦,The Bund,全国重点文物保护单位名单 第4批,1996,1996年11月20日被列入第四批全国重点文物保护单位名单,,延安东路口至上海大厦,,,
普陀区,PT_N02,国,志丹苑元代水闸遗址,Site of Yuan Dynasty dam,全国重点文物保护单位名单 第7批,2013,,,,,,
普陀区,PT_C04,,圣约翰大学历史建筑群,Historical buildings of the St John's University,第八批,2014.4.4,,华阳路街道,万航渡路1575号,1894－1909年,"近现代重要史迹及代表性建筑 ",